theta_0,theta_1
0.10482459027029085,5.119757747055451