theta_0,theta_1
0.060988336937838575,3.0357921225802897