theta_0,theta_1
0.09067425117964592,4.486544680077792