theta_0,theta_1
0.1033480960487689,5.06303544869041