theta_0,theta_1
0.09988336562078569,4.915010538285766