theta_0,theta_1
0.09619009236404087,4.746664746886226