theta_0,theta_1
0.020458153507000008,1.021350194001715