theta_0,theta_1
0.10540359796751352,5.140100727028512