theta_0,theta_1
0.10706953270929784,5.1887391969180845