theta_0,theta_1
0.08234231278068753,4.084621347319533