theta_0,theta_1
0.10125744670848463,4.975388286941284