theta_0,theta_1
0.09371203573894443,4.630697112715546