theta_0,theta_1
0.10414737826593684,5.094469908753514