theta_0,theta_1
0.09821785608432038,4.839958164030684