theta_0,theta_1
0.10634004553225483,5.169630284573005