theta_0,theta_1
0.06965914439859885,3.463593411057134