theta_0,theta_1
0.03695062382156546,1.8430093181800467