theta_0,theta_1
0.08694070734083956,4.307357614773153