theta_0,theta_1
0.10590360109488466,5.156465648024787