theta_0,theta_1
0.10672535724154993,5.180220343771787