theta_0,theta_1
0.0766688812686614,3.8077519874575945