theta_0,theta_1
0.10239707751211839,5.023960535344553