theta_0,theta_1
0.05025276500736856,2.5040201885369147